id,en,jp,trans
0-chapter_name,,第4話 信じるよなんて言えない,第4話 难以言信
0-synopsis,,男達を倒し、憲兵に引き渡した姬塔達。翌日、ダン伯父さんが憲兵の詰所で被害を報告している時、話を聞いた銃工房のおかみさんが心配して合金工房へやってくる。ダン伯父さんがきちんと仕事をしていることに安堵するおかみさんだったが、ククルが金庫を開けたことでギルドからのお金が無くなっていることが判明するのだった。,第二天，在丹舅舅去宪兵的值班处报告损失情况的时候，听到骚动消息的老板娘赶到了合金工坊。从一行人口中得知丹舅舅认真工作后放下心的老板娘，发现在库库鲁打开金库之后从行会得到的资金全部不翼而飞。
7,,<span class='scene-font-katari'>合金工房に火をつけた</span><br><span class='scene-font-katari'>荒くれ者達を取り押さえた</span><br><span class='scene-font-katari'>姬塔達。</span>,<span class='scene-font-katari'>在姬塔们将在合金工坊</span><br><span class='scene-font-katari'>纵火的暴徒们抓获之后。</span>
8,,<span class='scene-font-katari'>姬塔とククル達は</span><br><span class='scene-font-katari'>彼らを憲兵に引き渡すため</span><br><span class='scene-font-katari'>縄で拘束した。</span>,<span class='scene-font-katari'>姬塔和库库鲁们为了</span><br><span class='scene-font-katari'>将他们交给宪兵</span><br><span class='scene-font-katari'>用绳子把他们绑了起来。</span>
9,,チッ……,切……
10,,ア、アンタ達……！！,你、你们……！！
11,,まったく太ぇ野郎共です！<br>よくもやってくれやがったですね！？,真是一群浑蛋！<br>你们竟然敢做出这样的事！？
12,,ガラドアさんが、<br>護衛が必要って言う訳だよ……<br>姬塔、ありがとうね。,这就是加拉德亚说需要护卫的原因啊…<br>姬塔，谢谢你。
13,,みんな大きな怪我がなくて<br>本当に良かったです！,大家都没受什么大伤<br>真的是太好了！
14,,姬塔、<br>あんなに強かったんだなぁ……,姬塔<br>你竟然那么强的吗……
15,,そういや、伯父さんは<br>姬塔が戦うところ<br>初めて見たんだったっけ。,话说回来，舅舅<br>你是第一次看见姬塔<br>战斗的样子吧。
16,,へへっ、姬塔がいれば<br>この程度の連中どうってことないから<br>安心してくれよな！,嘿嘿，只要姬塔在的话<br>这种程度的家伙不算什么的<br>你就放心吧！
21,,<span class='scene-font-katari'>姬塔達は</span><br><span class='scene-font-katari'>騒ぎを聞いて駆け付けた</span><br><span class='scene-font-katari'>街の憲兵に不届き者達を突き出した。</span>,<span class='scene-font-katari'>姬塔们将这群暴徒交给了</span><br><span class='scene-font-katari'>听说骚动而赶来的街上的宪兵。</span>
22,,なんでこんなことやりやがったか、<br>とっちめて聞き出さなくて<br>良かったですかね？,他们为什么做出这种事情<br>不狠狠地问出来<br>真的好吗？
23,,細かいことを聞き出すのは<br>憲兵さん達の方が慣れてるだろうから、<br>任せた方がいいんじゃないかな？,因为关于讯问详细的事情经过<br>这方面宪兵们更加擅长吧<br>交给他们做不是更好吗？
24,,その間に、こっちはこっちで<br>ギルドや大公さんへの<br>連絡を済ませちまおう！,趁这段时间，我们就忙我们的<br>去和行会和大公取得联系<br>把事情经过告诉他们！
25,,あい！　合点です！,好的！　我同意！
26,,…………,…………
27,,……ダン伯父ちゃん？<br>顔色が悪いですよ、<br>少し部屋で休んだ方がいいんじゃ……,……丹舅舅？<br>你的脸色很差啊<br>稍微回房间休息一下比较好……
28,,……ああ、いや、大丈夫さ。<br>うん、大丈夫だ……,……啊，不用了，我没事的。<br>嗯，我没事……
29,,壁の焦げ跡は、塗り直しだろ。<br>ちょいと、大工と話してくらぁ。<br>飲み屋で知り合いになったからよ。,墙壁烧焦的痕迹得重新漆一遍吧<br>我去跟在酒馆认识的木匠说一声。
32,,ありがとう、ダン伯父さん！<br>助かるよ！,谢谢你，丹舅舅！<br>帮大忙了！
33,,<span class='scene-font-katari'>ククルやクムユは</span><br><span class='scene-font-katari'>各所への連絡に奔走し、</span><br><span class='scene-font-katari'>姬塔達もそれを手伝う。</span>,<span class='scene-font-katari'>库库鲁和库姆优为了通知消息</span><br><span class='scene-font-katari'>四处奔走，姬塔们也帮忙传达消息。</span>
38,,<span class='scene-font-katari'>翌日、娘達からの連絡を受け</span><br><span class='scene-font-katari'>一同を案じた銃工房のおかみさんが</span><br><span class='scene-font-katari'>合金工房にやってきた。</span>,<span class='scene-font-katari'>第二天，从女儿们得到消息</span><br><span class='scene-font-katari'>担心一行人的制枪工坊的老板娘</span><br><span class='scene-font-katari'>赶到了合金工坊。</span>
43,,ククル、クムユ！<br>それに姬塔さん達も……<br>あぁ、本当に無事で良かった……！,库库鲁，库姆优！<br>还有姬塔们……<br>啊，你们都没事真的太好了……！
44,,お母ちゃん！<br>わざわざ来てくれたですか！,妈妈！<br>你特地赶过来了啊！
45,,そりゃ、あんな騒ぎを聞いちゃ<br>来ないわけにいかないよ。<br>手伝えることもあるかもしれないしさ。,听说出了这么大的乱子<br>怎么可能不来的吗，而且说不定<br>你们还有什么地方需要帮忙的。
46,,……で、責任者さんは<br>どこへ行ったわけ？<br>姿が見えないじゃないか。,……所以，负责人去哪了？<br>完全没看见人影啊。
47,,ダン伯父さんは、<br>憲兵さんの詰所に行ってるよ！<br>被害について聞きたいって言われて。,丹舅舅的话，去宪兵的值班室了<br>他们说是要问一下损失的情况。
48,,……そう、なの。<br>それなら、いいんだけど……,……是这样吗。<br>如果是这样的话，他做的倒还好……
49,,……ちゃんとやってくれてるのね。,……看来他有在好好工作啊。
50,,あい！　こっちに来てから、<br>ダン伯父ちゃん頑張ってるですよ！,是的！　自从来到这之后<br>丹舅舅一直都很努力的！
51,,寝坊も全然してねぇもんな！<br>……時々あやしいけど。,也完全不睡懒觉了！<br>……虽然有时候怪怪的。
52,,あはは、確かに！<br>でも、眠そうでも仕事は<br>やってくれてるよ。,啊哈哈，确实是！<br>虽然一脸要睡过去的样子<br>但是还是在好好的工作。
53,,<span class='scene-font-katari'>姉妹だけでなく姬塔達からも</span><br><span class='scene-font-katari'>ダン伯父さんの仕事ぶりについて聞き、</span><br><span class='scene-font-katari'>おかみさんはほっとした様子を見せる。</span>,<span class='scene-font-katari'>不仅是姐妹两人，连姬塔都</span><br><span class='scene-font-katari'>都说丹舅舅在努力工作</span><br><span class='scene-font-katari'>听到这些的老板娘放心了下来。</span>
54,,ああ、そうそう。<br>お弁当作ってきたのよ、<br>ご飯作る暇もないかと思って。,啊，这样吗。<br>我想到你们应该没有空闲去做饭<br>就做了便当带过来了。
57,,わ～い！<br>やったぁ、お母ちゃんのご飯です！,耶！<br>太好了，妈妈做的饭！
58,,お母ちゃん最高！<br>は～、自分で毎日作ってると<br>作ってもらう有難さが身に染みるよ……,妈妈你最好了！<br>哈～每天自己做饭的我<br>最能切身体会到吃别人做的饭的感激之情……
59,,さぁ、食べた食べた！<br>お腹が空いてると、<br>仕事する元気も出ないからね。,来，快吃吧！<br>饿着肚子的话<br>就会没有力气干活的哟。
60,,ありがとうございます、おかみさん！,谢谢你，老板娘！
65,,もぐもぐ……,啊唔啊唔……
66,,さて、みんなが食べてる間に<br>アタシがやれることはないかしら。,那么，大家吃饭的这段时间<br>我来帮你们做点什么吧。
67,,ん～……そうだなぁ……,嗯～……有什么可以做的呢……
68,,……あっ！　そうだ！,……啊！　对了！
69,,お母ちゃん、<br>いっぺん帳簿を見て貰ってもいい？,妈妈<br>能帮我再检查一遍账簿吗？
70,,一応、アタシと伯父さんで<br>二重チェックはしてるんだけど、<br>やっぱりヘマしてないか心配で。,虽然我和舅舅暂且检查了两次<br>但是还是怕出什么差错。
71,,ああ、はいはい。慣れてないと<br>チェックにも手間取るからねぇ、<br>帳簿は。,啊，我知道了<br>虽然我检查账簿不太熟练会花些时间。
72,,<span class='scene-font-katari'>ククルはおかみさんと共に</span><br><span class='scene-font-katari'>一度テーブルを離れ、</span><br><span class='scene-font-katari'>金庫を開けに向かう。</span>,<span class='scene-font-katari'>库库鲁和老板娘</span><br><span class='scene-font-katari'>一同离开桌子去打开金库。</span>
75,,よいしょ……っと。,哟……咻。
79,,……あれ？,……诶？
80,,……どうしたの、ククル？,……怎么了，库库鲁？
81,,あ、あれれ？<br>え、ちょっと待って……<br>なんで……,啊、啊咧咧？<br>诶，等一下……<br>为什么……
84,,ただいまぁ～,我回来了～
85,,あっ！<br>ダン伯父ちゃん、おかえりなさいです！<br>憲兵さん、何か言ってたです？,啊！<br>丹舅舅，欢迎回来！<br>宪兵他们说什么了？
86,,いやぁ、あんま大したことは……,啊，也没什么大事……
89,,<span class='scene-font-5'>あんたっ！！</span>,<span class='scene-font-5'>我说你啊！！</span>
90,,<span class='scene-font-4'>ぴゃいいいっ！？</span><br>ご、ごめんなさいです～！！,<span class='scene-font-4'>呀啊啊啊啊！？</span><br>对、对不起～！！
91,,<span class='scene-font-4'>あんた、何やったの！！</span>,<span class='scene-font-4'>你都干了什么！！</span>
92,,<span class='scene-font-4'>ひぃっ！？</span>,<span class='scene-font-4'>诶！？</span>
93,,お、落ち着けっておかみさん！<br>いったいどうしたんだよ！？,冷，冷静一下老板娘！<br>到底发生了什么！？
94,,どうしたも、こうしたも……！,看看现在这样子，你说怎么了……！
97,,<span class='scene-font-katari'>ダン伯父さんに対し</span><br><span class='scene-font-katari'>怒りを露わにするおかみさんの後を追い</span><br><span class='scene-font-katari'>青い顔をしたククルが戻ってくる</span>,<span class='scene-font-katari'>对着丹舅舅怒斥的老板娘身后</span><br><span class='scene-font-katari'>出现的是一脸苍白的库库鲁。</span>
98,,…………,…………
99,,……ククル姉ちゃん？<br>どうしたですか……？<br>顔が真っ青です……,……库库鲁姐姐？<br>怎么了……？<br>脸色这么苍白……
100,,あの、……あのね……,那……那个啊……
101,,ギルドから預かってるお金が……<br>どっか、いっちゃった……,从行会得到的资金……<br>不知道去哪了……
102,,…………,…………
info,,1,scene_evt180930_cp4_q1_s10