id,en,jp,trans
0-chapter_name,,第1話 伯父さんはいつもぶらぶらと,第1話 总是无所事事的伯父
0-synopsis,,ガラドアから話を聞いた一行は、ククルとクムユの実家である銃工房へ向かう。そこではククルとクムユの母親である銃工房のおかみさんが、親方に対し大変な剣幕で何かを反対していた。そこに割って入った姬塔達は、おかみさんと親方から騒ぎの理由を聞くことにするのだった。,从加拉德亚口中得知消息的一行人，向库库鲁和库姆优的老家工坊赶去。回到工坊后一行人，看见库库鲁和库姆优的母亲也就是工坊的老板娘，剑拔弩张般的对着老板好像是在反对他做什么一样。在此时介入的姬塔们，开始从老板娘和老板的口中得知吵架的原因。
8,,<span class='scene-font-katari'>ガラドアの衝撃的な言葉に、</span><br><span class='scene-font-katari'>ククル達姉妹や姬塔達は</span><br><span class='scene-font-katari'>困惑する。</span>,<span class='scene-font-katari'>在听了加拉德亚说的话之后，</span><br><span class='scene-font-katari'>库库鲁姐妹们和姬塔们一脸困惑。</span>
9,,お、おと、お父ちゃんと<br>お、お母ちゃんが、<br>り、りりりりり……！？,爸、爸爸要和妈妈<br>离、离离离婚……！？
10,,お、落ち着けクムユ！<br>脚がガクガクしてるぜ！？,冷静啊，库姆优！<br>你的双脚都在颤抖了！？
11,,<span class='scene-font-4'>お、落ち着けねぇですよ～！！</span>,<span class='scene-font-4'>怎么能冷静的下来啊～！！</span>
12,,親方さんとおかみさんが<br>離婚だなんて……<br>……とても信じられないな……,老板和老板娘竟然要离婚……<br>……实在是难以置信……
13,,ですよね、親方さんとおかみさん<br>とっても仲が良いのに……<br>いったい何があったんでしょう……？,说的是啊，老板和老板娘<br>两个人关系明明那么好……<br>到底是发生了什么……？
14,,うぅ、オタオタしてても仕方ない！<br>姬塔、アタシ達ちょっと<br>銃工房に一旦帰るね！,唔唔，在这里慌慌张张的也不是办法！<br>姬塔，我们先回一趟做枪的工坊！
15,,おっと、今から寄合の騎空艇の<br>チケットを取るんじゃ<br>時間が掛かっちまうぜ！,哦呀，现在去取集会骑空艇的票的话<br>会花很多时间的！
16,,<span class='scene-font-katari'>ビィの言葉に頷いた姬塔は</span><br><span class='scene-font-katari'>ククル達を騎空艇で</span><br><span class='scene-font-katari'>銃工房まで送ることを提案する。</span>,<span class='scene-font-katari'>对碧的话点头同意的姬塔</span><br><span class='scene-font-katari'>提出了用自己的骑空艇</span><br><span class='scene-font-katari'>将库库鲁们送到工坊的方案。</span>
17,,いいの、姬塔……？<br>ごめんね、折角のお休みなのに。,可以吗，姬塔……？<br>实在是对不起，好不容易赶上的休息日。
18,,でも……ありがとう！<br>本当に助かるよ！<br>この借りは必ず返すからね！！,但是……谢谢你！<br>真的帮了大忙了！<br>这份人情我肯定会还的！！
19,,<span class='scene-font-katari'>一行は急ぎ騎空艇を出発させ、</span><br><span class='scene-font-katari'>ククル達の実家である</span><br><span class='scene-font-katari'>銃工房へと急いだ。</span>,<span class='scene-font-katari'>一行人急忙发动骑空艇出发</span><br><span class='scene-font-katari'>向库库鲁的老家工坊匆匆赶去。</span>
25,,<span class='scene-font-katari'>早速、ククルとクムユが</span><br><span class='scene-font-katari'>ドアをノックしようとした瞬間、</span><br><span class='scene-font-katari'>中から大きな声が響いた。</span>,<span class='scene-font-katari'>很快，一行人来到了工坊门前，<br><span class='scene-font-katari'>正当库库鲁和库姆优要敲门的瞬间</span><br><span class='scene-font-katari'>屋中传来了巨大的叫喊声。</span>
26,,<span class='scene-font-4'>絶対！　反対！！</span>,<span class='scene-font-4'>我绝对！　反对！！</span>
27,,<span class='scene-font-4'>ぴゃあああああっ！？</span>,<span class='scene-font-4'>呀啊啊啊啊啊！？</span>
28,,この声は……おかみさん？,这个声音是……老板娘？
29,,あわわ、完っ璧に怒ってる……！<br>ええと鍵、鍵……！,啊哇哇，完全生气起来了……！<br>那个钥匙、钥匙……！
36,,た、頼む、少し落ち着いて……,求、求你了，稍微冷静点……
37,,落ち着けるわけないでしょう！<br>だいたいねぇ、アンタって人は……！,怎么可能冷静的下来啊！<br>我说你这个人真是……！
38,,そのケンカ、ちょ～っと待ったー！！,停一下，不要吵了ー！！
40,,<span class='scene-font-katari'>飛び込んだククルとクムユは</span><br><span class='scene-font-katari'>父母の間に割り込む。</span>,<span class='scene-font-katari'>突然闯进来的库库鲁和库姆优</span><br><span class='scene-font-katari'>将父母二人分离开来。</span>
41,,あ……ククルにクムユ……？<br>それにシルヴァも、<br>姬塔さん達まで……！,啊……库库鲁和库姆优……？<br>连席尔瓦和姬塔们都来了……！
43,,すまねぇ、邪魔するぜ。,抱歉，打扰了。
44,,今回の騒ぎ、あんたらの娘さん達にも<br>無関係じゃねぇと思ったんで<br>呼んできたんだ。,这次的骚动，我因为觉得你们的<br>女儿们不会坐视不管，<br>所以把她们叫过来了。
45,,ガラドアさん……,加拉德亚……
46,,お父ちゃん、お母ちゃん、<br>離婚なんてしねぇで……<br>……ほし……,爸爸、妈妈<br>请不要离婚……<br>……好吗……
47,,ぐすっ……,呜呜……
48,,……ごめんよ。<br>びっくりさせちまったね、クムユ。,……对不起<br>吓到你了，库姆优。
49,,すまねぇ、俺も焦っちまって<br>何があったか<br>まともに伝えてねぇんだ。,对不起，我也是因为太着急了<br>具体发生了什么没有<br>传达的很清楚。
50,,この騒ぎが起こった原因を<br>説明させて貰えねぇか？,能跟我们说明一下吵架的原因吗？
51,,オイラ達も聞いていいのか？<br>その……家庭の事情、ってやつに<br>なるんじゃ……,我们在这里听真的好吗？<br>那个……毕竟这是你们家里的事情……
52,,あー……その、ちょいと<br>事情が複雑でよ。,啊ー……这个解释起来<br>就有点稍微复杂了。
53,,それに、よそ様がいた方が<br>俺達も落ち着いて話せるかもしれねぇし<br>同席してもらっていいか？,话说回来，有外人在的话<br>我们俩也能冷静下来沟通<br>能请你们和我们同席吗？
54,,ああ、そりゃ勿論親方達がいいなら<br>オイラ達は構わねぇ。<br>だよな、姬塔？,嗯，老板你们要是觉得可以的话<br>我们是没关系的。<br>是吧，姬塔？
55,,<span class='scene-font-katari'>頷いた姬塔は、</span><br><span class='scene-font-katari'>ククル達とテーブルを囲み</span><br><span class='scene-font-katari'>ガラドアの話を聞くことにした。</span>,<span class='scene-font-katari'>点头同意的姬塔</span><br><span class='scene-font-katari'>和库库鲁们围着桌子坐在一起</span><br><span class='scene-font-katari'>听加拉德亚将经过仔细道来。</span>
info,,1,scene_evt180930_cp1_q1_s10