id,en,jp,trans
0-chapter_name,,第42章　砕かれし秩序,第42章 被粉碎的秩序
0-synopsis,,街の中心部から離れ、魔物の徘徊する中を進む一行。事情を尋ねるのだが、リーシャは口ごもってしまう。彼女の表情から読み取れるのは、今、<span class='scene-font-place'>アマルティア</span>が帝国の占領下にあるということだけだった。,一行人离开市中心，向魔兽徘徊的郊外走去。众人询问莉夏情况，但她并不回答。她的表情告诉众人，<span class='scene-font-place'>Amalthea</span>已经被帝国占领。
0,,<span class='scene-font-katari'>リーシャの案内で、</span><br><span class='scene-font-katari'>姬塔一行は、</span><br><span class='scene-font-katari'>徐々に島の中心街から離れていく。</span>,<span class='scene-font-katari'>在莉夏的带领下，姬塔一行渐渐远离市中心。</span>
1,,ここまで来ると帝国兵の姿は無いが、<br>代わりに魔物の数が増えてくるな……,这里总算没有帝国兵出没了，但是魔兽的数量在增加……
2,,いえ、油断はしないでください。<br>帝国は島の隅々まで<br>兵を配置しています。,不，请各位不要放松警惕。帝国军队已经渗透到岛屿的各个角落了。
3,,なに……？<br>それではまるでこの島が、<br>完全に帝国の占領下にあるようだが……,什么……？也就是说，这座岛屿已经被帝国占领了么……
4,,…………,…………
5,,なるほど……だいたい読めてきたぜ。<br>いま、この島が<br>置かれている状況ってやつが、な。,原来如此……差不多明白了，岛上究竟是什么情况。
info,,1,scene_cp42_q4_s20