id,en,jp,trans
0-chapter_name,,第41章　再起の声,第41章  再起之声
0-synopsis,,姬塔らが<span class='scene-font-place'>アマルティア島</span>へと舵を取ったその頃、秩序の騎空団の重鎮モニカは、<span class='scene-font-place'>アマルティア</span>の牢獄に囚われていた。<span class='scene-font-place'>アマルティア</span>で起きた異変を止める事ができるのはリーシャひとりであるとつぶやくモニカ。モニカはリーシャに希望を託し、牢獄の中で静かに祈りを捧げるのであった。,正当姬塔等人决定前往<span class='scene-font-place'>Amalthea岛</span>时，秩序骑空团的重要人物莫妮卡已被投入牢狱。她自言自语道现在只有莉夏能够阻止岛上发生的突发事件。莫妮卡将希望寄托在莉夏身上，独自在牢狱中祈祷。
0,,<span class='scene-font-katari'>姬塔一行が、</span><br><span class='scene-font-place'>アマルティア島</span><span class='scene-font-katari'>へと向かい始めた頃。</span>,<span class='scene-font-katari'>正当姬塔等人决定前往</span><span class='scene-font-place'>Amalthea岛</span><span class='scene-font-katari'>时。</span>
1,,<span class='scene-font-katari'>秩序の騎空団第四騎空艇団の</span><br><span class='scene-font-katari'>本部が置かれる第四庁舎の牢獄では、</span><br><span class='scene-font-katari'>モニカがひとり、祈りを捧げていた。</span>,<span class='scene-font-katari'>秩序骑空团第四骑空艇团总部第四办公楼的牢狱中，莫妮卡独自一人在心中祈祷。</span>
2,,…………,…………
3,,<span class='scene-font-kokoro'>（リーシャ……</span><br><span class='scene-font-kokoro'>絶対に無理はするんじゃないぞ……）</span>,<span class='scene-font-kokoro'>（莉夏……千万别乱来……）</span>
4,,<span class='scene-font-kokoro'>（いまやお前は我々に残された、</span><br><span class='scene-font-kokoro'>たった一つの希望なのだから……）</span>,<span class='scene-font-kokoro'>（你是我们最后的希望了……）</span>
info,,1,scene_cp41_q4_s30