id,en,jp,trans
0-chapter_name,81: King of the Outlaws,第81章　盗賊王,第81章　盗賊王
0-synopsis,"The outlaws force Cain, 姬塔, and the crew to follow them to their den. The gang leader Reinhardtzar explains that they're all ex-soldiers from a corrupted, fallen country and that he wants to build a country safe for all. Cain angrily opposes his plan as it means war against other kingdoms and deaths of innocent people.",盗賊団のアジトに連行されるカインと姬塔達。その道中、姬塔達はラインハルザ率いる盗賊団が元々はトリッド王国の正規軍であり、今は、弱い立場の者でも生きていける国作りを目指していると聞かされる。カインはその考えを真っ向から非難するも、ラインハルザは顔色一つ変えず、「お前の思う理想の王ってのは、なんだ？」と問うのだった。,该隐和姬塔等人正在被带去盗贼据点的路上，姬塔等人意外知晓了莱茵哈萨率领的盗贼团原来是特利得王国的正规军，而现在他想建立一个让弱者可以生存的国家。该隐对于这一设想认真地提出了非议，莱茵哈萨脸色毫无改变，反问道“对你而言理想的王是怎样的”。
0,"Cain, 姬塔, and the crew, led by Reinhardtzar's gang, walk the path to the den.",<span class='scene-font-katari'>姬塔達とカインは、</span><br><span class='scene-font-katari'>ラインハルザ率いる盗賊団に囲まれ、</span><br><span class='scene-font-katari'>彼らのアジトへの道を進む。</span>,<span class='scene-font-katari'>姬塔等人被莱茵哈萨统率的盗贼团包围着走向他们的据点。</span>
1,...,…………,...
2,I wonder what's going to happen to us...,はぁ……<br>この先、どうなっちまうんだ？<br>オイラ達……,哈...接下来我们会被怎么样啊...
3,I don't know... But we have to find the others no matter what.,わかりません……<br>でも、絶対に、<br>他の皆と合流しないと……,不知道，但是我们必须和其他同伴汇合的...
4,"Don't worry. Even in a pinch like this, we could easily...",大丈夫だ……<br>こんな包囲など、簡単に……,没关系，这样的包围圈很轻易就...
5,I wouldn't try that. We aren't your average outlaws here.,やめとけよ。<br>これでもオレ達は、<br>ただの盗賊じゃねぇんだ。,劝你别动手，我们也不是普通的盗贼。
6,"If you've been trained as we have, then you'd better think carefully about what you do next.",お前もまともな訓練を積んでるなら、<br>もう少し判断は冷静にな。,如果你已经经过了正经的训练的话就稍微冷静一点下判断吧。
7,Trained... as you have?,お前、も、だと……？,你说“你也”？
8,"Yep, that's right. We might not look it, but we're all ex-soldiers.",ああ、そうだよ。<br>こう見えてオレ達は、<br>一応、全員元国軍だからな。,啊，没错。别看这样我们姑且全都是原王国军军人呢。
9,"If you take us for some ragtag band of brawlers, then you've got another thing coming.",野良の喧嘩しか知らねぇような連中と<br>一緒に考えてたら、<br>痛い目を見ることになるぜ。,把我们也当做是野外那群只知道干架的暴徒可是会吃苦头的。
10,Humph...,くっ……,くっ……
11,"Reinhardtzar continues speaking, seemingly amused by Katalina's stern reaction.",<span class='scene-font-katari'>険しい表情をするカタリナに対し、</span><br><span class='scene-font-katari'>むしろ上機嫌そうに</span><br><span class='scene-font-katari'>ラインハルザは続ける。</span>,<span class='scene-font-katari'>卡塔莉娜露出了可怕的表情，莱茵哈萨更加愉悦地说道。</span>
12,Don't look so disappointed. I think you guys have got some amazing strength.,そう悔しそうな顔をするな。<br>お前らの実力は認めてんだ。,别露出那副失望的表情嘛，我也认可你们的实力。
13,"You kicked around my men within an inch of their lives, but you didn't take them. That's no small feat.",うちの連中を蹴散らしておきながら、<br>全員キッチリ命までは取らねぇ。<br>ホント、大したモンだ。,打散了我们的人还没有取走任何人的性命，身手真是了不得。
14,Reinhardtzar nods pleasantly to himself before suddenly clapping his hands together.,<span class='scene-font-katari'>ひとり頷き感心すると、</span><br><span class='scene-font-katari'>ラインハルザは切り替えるように</span><br><span class='scene-font-katari'>一つ、手を打つ。</span>,<span class='scene-font-katari'>莱茵哈萨钦佩地点头，然后像是转换状态一般拍了拍手。</span>
15,That poses the question...<br>Why don't you folks become my allies?,で、だ……ここからが本題だ。<br>お前ら、オレの仲間にならないか。,所以说...接下来切入正题，你们愿意当我的伙伴吗？
16,You need even more allies than the ones you've got here? Are you trying to build an army or something?,これだけ数がいて、<br>まだ足りないっての？<br>ホントに一個師団でも作るつもりかよ。,你们都已经有这么多人了还嫌不够吗？真的是打算组建一支师团吗？
17,Yeah... I guess you could say that.,まぁ……そんなところだな。,嘛，就是这么回事。
18,Beg your pardon?,なに……？,什么？
19,"Cain glares at Reinhardtzar, but he seems unbothered by it and continues to speak.",<span class='scene-font-katari'>睨むようにするカインに対し、</span><br><span class='scene-font-katari'>しかし、臆することなく、</span><br><span class='scene-font-katari'>ラインハルザは言葉を続ける。</span>,<span class='scene-font-katari'>该隐瞪着莱茵哈萨，而对方却毫不畏缩地继续说下去。</span>
20,I want to build a country. But for that I need more power.,オレは……国を作る。<br>そのために、もっと力が必要なんだ。,我想建立一个国家，为此我还需要更多的力量。
21,"I'd said that we're all ex-soldiers, right?",言ったよな、<br>オレ達が全員元国軍だって。,我刚说过我们都是原王国军吧。
22,"Before Merkmal, we were formally enlisted in the military of a certain country, defending it against foreign enemies.",この<span class='scene-font-place'>メルクマール島</span>に流れ着く前、<br>オレ達はある国の正規軍として、<br>国を外敵から守っていた。,漂泊到<span class='scene-font-place'>美克马尔岛</span>之前，我们作为某个国家的正规军，御敌于国门之外。
23,But one day our country collapsed.,だが、ある日突然、<br>オレ達の国は崩れ去った。,但突然有一天，我们的国家崩坏了。
24,Not from an outside attack though. It was already rotten from the core. We didn't realize it until it was too late.,外からの攻撃じゃねぇ、<br>内側が腐ってたんだ。<br>オレ達は最後までそれに気付けなかった。,不是因为外部的攻击，而是因为内部的腐败。我们直到最后才注意到这件事。
25,Suddenly Cain's eyes grow wide in surprise.,<span class='scene-font-katari'>それを聞き、</span><br><span class='scene-font-katari'>カインは驚いたように目を見開く。</span>,<span class='scene-font-katari'>听说这件事后，该隐震惊地瞪大了眼。</span>
26,Does that mean... you're from Torhid Kingdom?,それじゃあ……<br>お前、トリッド王国の……？,难道说...你是特利得王国的...
27,"That's right. From the look on your face, I'm guessing you know something about it.",そうだよ。<br>その様子じゃ、お前も関係者か？,没错，看样子你也是相关人士啊。
28,...,…………,...
29,"Well, it's no matter. What's done is done. Hindsight's 50/50 they say, but it won't do us any good now.",まぁ、なんだっていい。<br>無いものはもう無いんだ。<br>それをとやかく言っても仕方がない。,嘛，怎样都好。已经没有的东西就没了吧，那件事再怎么说也没什么用。
30,The real problems didn't start till later. We were looking for a new country that'd take us in.,問題はその後だ……<br>オレ達はオレ達を受け入れてくれる<br>新たな国を探した。,问题是在那之后，我们去寻找能接纳我们的新国家。
31,But it was nowhere to be found. Despite the fact that our country was in such disarray.,だが、そんな国は、どこにも無かった。<br>あれだけ国の乱立していた時代にも<br>関わらず、だ。,但是那样的国家哪都没有，虽然也和各国分立的时代背景有关系就是了。
32,"Well, I don't blame them for staying out of it. Who'd want soldiers from a nation that fell by a coup d'etat?",まぁ、関与していなかったとはいえ、<br>クーデターで滅んだ国の軍隊なんざ、<br>どこも受け入れたくなかったわけだな。,嘛，虽然各国都是一副事不关己的态度，但是确实也没人会想要因政变亡国的国家的军队。
33,"Reinhardtzar, in both frustration and surrender, squeezes his hand into a fist.",<span class='scene-font-katari'>どこか諦めた様子で、</span><br><span class='scene-font-katari'>しかし、悔しそうに、</span><br><span class='scene-font-katari'>ラインハルザは拳を握る。</span>,<span class='scene-font-katari'>像是心中哪里已经放弃了，莱因哈萨沮丧地握紧拳头。</span>
34,"Whether you're strong or weak, there's always a burden left to bear in the end.",結局、強い弱い、ってのは、<br>何を背負ってるかなんだろうよ。,强者也好，弱者也好，终究都还是要背负一些东西。
35,The military that'd upheld the dignity of their great country became powerless overnight.,大国の威信を背負っていた国軍も、<br>あっという間にただの弱者だ。,背负着国家威望的军队转瞬之间就成了弱者。
36,"We tried to keep order and do as we're told, but the rules became more and more warped.",それでも秩序を守ろうとすりゃ、<br>どんどん歪みが大きくなっていく。,即便如此我们也还想要继续守护秩序，但是秩序本身却越来越扭曲。
37,But it's what you'd expect. The ones who made the rules were at the polar opposite of where we stood after all.,当たり前の話だ。<br>その秩序を作ってんのは、<br>オレ達の正反対の連中だったんだ。,这也是当然的事情，因为制定秩序的人就站在我们的正对面。
38,"Having laid bare his resentment, Reinhardtzar sighs deeply. He begins to speak again, but with a tone of fresh resolve.",<span class='scene-font-katari'>一気に言い終えたラインハルザは、</span><br><span class='scene-font-katari'>一度大きく息を吐き、</span><br><span class='scene-font-katari'>決意を露わにするように、告げる。</span>,<span class='scene-font-katari'>莱茵哈萨一口气说完后，大大地吐了口气，显露出自己的决心说下去。</span>
39,So I'll make the rules. I'll build a country where even the powerless like us can live on in peace.,だからオレは作るんだよ。<br>弱い立場のいまのオレ達でも、<br>ちゃんと生きていける国ってのをな。,所以我才想去大干一场，去建立一个即便像我们这样处于弱者立场的人也能好好生活的国家。
40,"The other outlaws gaze up at Reinhardtzar, with a faint glimmer of hope in their eyes.",<span class='scene-font-katari'>ラインハルザは強く拳を握りしめ、</span><br><span class='scene-font-katari'>盗賊達はそんなラインハルザの横顔に、</span><br><span class='scene-font-katari'>期待の眼差しを送っていた。</span>,<span class='scene-font-katari'>莱茵哈萨紧攥着拳，盗贼们期待的目光投向莱茵哈萨的侧脸。</span>
41,"But Katalina seems unconvinced. Raising an eyebrow, she begins a bitter reply.",<span class='scene-font-katari'>しかし、それとは対照的に</span><br><span class='scene-font-katari'>カタリナは眉をひそめ、</span><br><span class='scene-font-katari'>吐き捨てるように告げる。</span>,<span class='scene-font-katari'>但是与之相对，卡塔莉娜蹙着眉厌恶地说。</span>
42,That's a joke... What about the villagers? How can you threaten them one moment and spout your powerlessness in the next?,詭弁だな……<br>村人達を……弱者を虐げておきながら、<br>お前は何を言っているんだ。,真是诡辩，之前已经那样虐待村民...弱者们，你还能说出这样的话？
43,...,…………,...
44,Reinhardtzar glances once at Katalina before shifting his gaze to the rising fortress in the distance.,<span class='scene-font-katari'>ラインハルザはカタリナを一瞥すると、</span><br><span class='scene-font-katari'>遠くそびえる砦に目を向ける。</span>,<span class='scene-font-katari'>莱茵哈萨瞟过卡塔莉娜，目光朝向远处的据点。</span>
45,Tell me. Have you ever wanted to be a ruler?,お前、王を志したことはあるか？,你有想过成为一名王者吗？
46,What is this about?,何の話だ……,这又扯到什么话题了？
47,A ruler means reigning over others. Me taking money from the villagers is no different from them paying taxes.,王ってのは、君臨するもんだ。<br>オレが村から金品を奪うのは、<br>税を徴収することと変わらない。,王者应君临天下。我们从村子里夺走值钱的东西，和征税也没有两样。
48,"Besides, we spare them their lives and a fair portion of their fortunes.",同時に、オレ達はアイツらの命や、<br>予め決めた以上の財産を<br>奪うことはしない。,同时我们也不会夺走那些家伙的生命以及超过预定部分的财产。
49,"In exchange for all that, we protect the village from enemies and monsters.",その上で、外敵や魔物からは、<br>オレ達が村を守ってんだ。,作为交换，我们会保护村子免受外敌和魔物侵扰。
50,"Merkmal Island may belong to Idelva Kingdom on paper, but there's been no government here.",この<span class='scene-font-place'>メルクマール島</span>は、<br>名目上、イデルバ王国領だが、<br>実質、何の統治もされていなかった。,这座<span class='scene-font-place'>美克马尔岛</span>表面上是伊迪尔瓦王国的领地，但是却没有实质性地统治。
51,"Until we showed up, there was barely a village with all those monsters disrupting their way of life.",だからオレ達が来るまでは、<br>村は村として体裁を保つのが難しいほど、<br>魔物に脅かされていたそうだ。,所以在我们出现以前，村子受到魔物的威胁，也难以维持村子的形式。
52,Those folks aren't afraid of us. They're afraid of us leaving them.,アイツらはオレ達を恐れてるんじゃない。<br>オレ達がこの島を<br>出ていくことを恐れてんだ。,他们不是在害怕我们，而是在害怕我们离开这座岛。
53,"And considering we don't draft people to join us, it's more peaceful to live here than in Idelva or Rhem.",しかも徴兵が無いことを考えれば、<br>イデルバ王国やレム王国よりも、<br>遥かに平和に暮らせている。,而且考虑到这里没有征兵制，比起伊迪尔瓦王国和雷姆王国，反倒是更和平的居住之所。
54,So? You'd say we're a threat to the village still?,これでも……<br>オレ達が村を虐げてる、ってのか。,即便如此，还认为我们威胁着村子吗。
55,Humph... But it's not just that...,くっ……<br>し、しかしだな……,くっ……但是...
56,I'll say you're a threat.,虐げてる、と俺は思うぜ。,我还是认为你们是村子的威胁。
57,Cain interrupts without hesitation.,<span class='scene-font-katari'>カインは臆することなく、</span><br><span class='scene-font-katari'>キッパリとラインハルザに告げる。</span>,<span class='scene-font-katari'>该隐直言不讳地告知莱茵哈萨。</span>
58,"The way you tell it, a ruler's job is to bully the citizens.",お前、そんな言い方したら、<br>王様は国民いじめるのが<br>仕事みたいじゃねーか。,你这样的说法就仿佛是，国王的工作就是欺负国民一样。
59,This coexistence you're talking about might work as a system.,お前の言ってることは、<br>そりゃ、制度としては<br>共存出来てるかもしれねぇけどさ。,你所说的东西也许可以制度化之后与体制共存。
60,"But no matter how you look at it, those villagers live in fear of you.",村の奴ら、<br>やっぱりお前らのことも、<br>怖がってたと思うぜ。,我觉得村里的人果然还是在害怕着你们。
61,To reign is to be feared. That's what comes with power and responsibility.,君臨する者は畏れられる。<br>それが権威と責任だ。,王者让人畏惧，这是权威也是责任。
62,I'm telling you that's backwards! People want to live in happiness with smiles and all.,そんなのって、ねぇだろ。<br>皆、笑顔で幸せに<br>生きたいだけなんだからさ。,才没有这回事，人们只是想幸福地活下去。
63,Then why don't you tell me about sort of lord you'd wish to serve?,じゃあ、<br>お前が戴きたい主君ってのは、<br>どういうものなんだ？,那你告诉我你想侍奉的君主是怎样的？
64,Sorry?,へっ……？,诶？
65,What makes a good ruler to you? What sort of ruler keeps people happy and smiling?,お前の思う理想の王ってのは、なんだ。<br>皆を笑顔に、幸せに出来る王ってのは、<br>どんな存在なんだ？,对你而言理想的王是怎样的。让人民都能欢笑和幸福的王是一种怎样的存在？
66,...,っ…………,...
67,Cain grows silent all at once. His defiance from earlier begins to dissipate.,<span class='scene-font-katari'>滔々とラインハルザに</span><br><span class='scene-font-katari'>相対していたカインは、</span><br><span class='scene-font-katari'>不意に返すべき言葉を見失う。</span>,<span class='scene-font-katari'>莱茵哈萨咄咄逼人地问道，而该隐却意外地无法回答。</span>
68,It's all right if you don't know the answer right now.,今はまとまらないのなら、<br>それで構わない。,现在不知道答案的话没有关系。
69,"But if you happen to find it, let me hear it. I'm curious...",ただ、もし、見つけられたのなら……<br>聞かせてみろよ、興味がある。,但是，如果你找到了答案，也让我听听吧，我很感兴趣。
70,"With nothing left to say, the crew follows behind Reinhardtzar as they continue their trek to the outlaw den.",<span class='scene-font-katari'>そう告げるラインハルザに、</span><br><span class='scene-font-katari'>誰も返す言葉を持たぬまま、</span><br><span class='scene-font-katari'>一行はアジトへと進んでいくのだった。</span>,<span class='scene-font-katari'>莱茵哈萨说完，谁都没有回答；就这样一行人继续赶往据点。</span>
info,1,1,scene_cp81_q3_s10