id,name,detail
npc,尤斯提斯,304099000
special,致命一击,土属性伤害（特大）/重置子弹Lv
skill-1,弗拉梅克之雷,对敌方全体造成土属性伤害/赋予敌人麻痹效果/子弹Lv+2
skill-1,弗拉梅克之雷,对敌方全体造成2.5~3.5倍土属性伤害/赋予敌人麻痹效果/子弹Lv+2
skill-2,夜翼天翔,对敌方单体造成2.5~3.5倍土属性伤害/子弹Lv-3
skill-3,废土,我方全体二连击率40%UP/土属性攻击30%UP/子弹Lv+1
support-1,弗拉梅克使用者,每回合子弹Lv+2 <span class=text-blue>◆达到Lv10时，自身带电，1回合无法行动/子弹Lv-5</span>
support-2,雷狼,随子弹Lv提升，攻击UP/奥义伤害UP/奥义上限UP
skill-lb,LB技能,对负面效果「奥义封印」的抗性UP
intro,,黑衣之狼于饗宴之夜追踪着阴谋。撕裂黑暗的雷鸣恰如献给红月的挽歌。尔后造访的平和喧嚣，是他叹息之后落入的归宿。