id,name,detail
npc,朱丽叶,3040096000
special,救赎之光,光属性伤害（特大）/英灵存在时，消耗1英灵额外造成3倍光属性伤害
skill-1,白闪落雷,我方全体光属性攻击20%UP/减免20%暗属性伤害/消耗1英灵，敌方单体光属性防御20%DOWN
skill-2,福音,我方单体获得活性效果/防御50%UP/消耗1英灵，获得屏障（2500）
skill-3,上天的恩典,回复5英灵 <span class=text-blue>◆消耗20%奥义值</span>
support-1,维罗纳的守护精灵,每过5回合，回复5英灵/无英灵时，攻击50%DOWN/普攻及技能消耗1英灵
support-2,英灵的加护,英灵存在时，攻防30%UP
skill-lb,LB技能,使用技能有几率不消耗英灵
intro,,