id,name,detail
npc,艾奇尔巴,3040017000
special,轰霸晓天,火属性伤害（特大）/该回合自身减免80%伤害
skill-1,刚毅,成为攻击目标/自身防御UP/反击效果（受伤时/3次/每次反击奥义值+5%）
skill-2,转应,对敌方单体造成火属性伤害/自身HP越少，攻击强化量越高/<span class=text-blue>◆自身HP越少，伤害越高</span>
skill-2+,转应,对敌方单体造成火属性伤害/自身HP越少，攻击强化量越高/<span class=text-blue>◆自身HP越少，技能伤害越高</span>
skill-3,轲遇突智,自身可即时发动奥义/即时使用其他技能/获得HP吸收效果
support-1,豪放磊落,防御高，但容易成为攻击目标/第一次无法战斗时，以1HP继续战斗
skill-lb,LB技能,受伤时有极小概率反击
intro,,
,,