id,en,jp,trans
0-chapter_name,,第1話 マナリア魔法学院,第一话马纳利亚魔法学院
0-synopsis,,イオからのたってのお願いということでマナリア魔法学院を訪れる姬塔一行。その後、一行は教師のミランダの案内で学院内を見学させてもらい、魔力を安定、増幅させる巨大なコア・モノリスの存在を知る。そこにハンナとウィリアムが現れ、ミランダと何やら話をした後、代わって一行の案内役を担当するのだった。,应伊欧的请求来拜访玛纳历亚学院的姬塔一行。之后，一行人在米兰达老师的带领下参观了学院，知晓了让魔力变得安定，能增幅魔力的存在核心·独石柱。在那里，汉娜和威廉出现了，在与米兰达交谈之后，他们变成了带领一行人的领路人。
1,,へぇー！<br>ここがマナリア魔法学院なのね！,哇！这里就是马纳利亚魔法学院吗！
2,,これが学校なのかぁ？<br>ずいぶん立派なトコなんだなぁ！,这是学校吗？真是个气派的地方！
3,,お城ともお屋敷とも違っていて、<br>不思議な雰囲気の建物ですね。,与城堡，豪宅都不同，它周围有着魔法般的氛围。
4,,<span class='scene-font-katari'>珍しいものを見るかのように</span><br><span class='scene-font-katari'>きょろきょろと周囲を見回す</span><br><span class='scene-font-katari'>姬塔達一行。</span>,姬塔一行人环顾着四周，仿佛看到了稀有的东西。
5,,<span class='scene-font-katari'>一行はイオたっての希望により、</span><br><span class='scene-font-katari'>マナリア魔法学院を訪れていた。</span>,一行人像伊欧希望的那样，拜访了马纳利亚学院。
11,,ねぇねぇ、ちょっといい？,欸欸，稍微来一下
12,,どうしたんですか、イオちゃん？,怎么了，伊欧酱？
13,,あのね、少しお願いがあるの。,那个，有一个小请求。
14,,お願い？<br>改まってどうしたんだよ？,请求？怎么了这么郑重？
15,,今の航路あるじゃない？<br>途中で、マナリア魔法学院がある<br>有名な島のそばを通るんだけど……,现在不是有一个航向吗，在途中，会经过一个有马纳利亚魔法学院的有名的空岛......
16,,マナリア魔法学院？,马纳利亚魔法学院？
17,,ファータ・グランデ空域で<br>いちばん有名な魔法の学校よ。,这是珐拓·格兰蒂空域最有名的魔法学院。
18,,師匠が一流の魔法使いを目指すなら、<br>一度は訪れておけって<br>言ってた場所でね……,师傅说如果目标是成为一流的魔术师的话，那就去拜访一次......
18-sel1_txt,,<span class='scene-font-katari'>じゃあ寄ってみようか</span>,那我们就去一趟吧
18-sel2_txt,,<span class='scene-font-katari'>行ってどうするの？</span>,去了之后呢？
20,,わーい！<br>ありがとう、姬塔！,耶！多谢了，姬塔！
21,,どんなすごい魔法使いが<br>いるのかしらね……<br>楽しみだわ！,想知道都有怎样厉害的魔法师呢......我很期待！
22,,取りあえず中を見学してみたい！<br>あの師匠が絶賛する場所だもの。<br>きっとすごい所だと思うわ！,总之我想拜见一下内部！连我那个师傅都赞不绝口的地方。一定是个好地方！
23,,それに何より、<br>あたしも一流の魔法使いを<br>目指してるから。,而且，我的目标是成为一名一流魔术师。
24,,だから、行ってみたいの！,所以，我想去！
25,,<span class='scene-font-katari'>目を輝かせそう言うイオを見て</span><br><span class='scene-font-katari'>寄り道の提案に承諾する姬塔。</span>,看着眼眸明媚的伊欧姬塔答应顺路去一趟马纳利亚。
26,,ありがとう、姬塔！,多谢了，姬塔！
27,,よーし！<br>それじゃ、行きましょ！<br>マナリア魔法学院へ！,好！那么，我们走吧！去马纳利亚魔法学院！
33,,ほほっ、興味津々と<br>いったところですな。,哈哈，真是兴致高昂啊。
34,,ウフ☆<br>初々しくて可愛いわね～☆,呵呵☆它可爱又宛若新生对吧〜☆
35,,はい！<br>こういう雰囲気のところは初めてで……,嗯！我第一次感受到这种气氛......
36,,ほほっ、なら、<br>今日は存分に見学していくと<br>いいでしょう。,哈哈~那今天好好地参观就好了。
37,,ミラちゃん先生がマナリア魔法学院を<br>隅から隅まで案内してあげちゃうから☆,米兰达老师会带着你们参观马纳利亚学院的各个角落的☆
38,,ありがとうございます、<br>ミランダ先生！<br>ジル教授！,非常感谢，米兰达老师！吉尔教授！
49,,この学院にいる全員が<br>毎日魔法の勉強をしているのよね……<br>そう考えるとなんだかすごいわ。,这座学院里的每个人每天都在学习魔法吧....如果这么想，那这里多厉害啊。
50,,イオさんは独学で魔法の<br>勉強をされていたのですか？,伊欧是自学魔法吗？
51,,いいえ、師匠に教えてもらいました。<br><span class='scene-font-place'>バルツ</span>のザカ大公！,不是的，有师傅指导我。瓦尔兹的扎卡大公！
52,,ほお、ザカ大公ですか。<br>ドラフ族は魔法は得意ではありませんが<br>あの方は突出した才能を持っています。,哦？扎卡大公啊。角族一般不擅长魔法，但他却有出色的才能。
53,,良い師をお持ちですね。<br>ふふふ……,你有一个好老师。呵呵呵......
54,,今日はい～っぱい見学していってねぇ☆<br>気に入ったら入学申請も<br>お待ちしてまぁ～す☆,今天好好地参观一下吧☆☆中意的话，我等着你的入学申请～☆
55,,はい！<br>えへへ……楽しみ～！,好的！嗯......我很期待！
56,,それじゃ、そろそろ場所を<br>移動しましょ☆<br>次は中庭で～っす☆,那么，差不多该换地方了☆接下来是庭院～
62,,ここが中庭です☆<br>マナリアの生徒達の<br>憩いの場所なのよ☆,这里是庭院☆是马纳利亚学院学生休息的地方☆
63,,すごい……<br>空間に魔力が満ちてるのに、<br>こんなに安定して静かなんて……,令人惊叹......虽然空气中弥漫着魔力，但却如此稳定......
64,,あの、ミランダ先生。<br>あそこのおっきな石の柱はなんですか？,那个、米兰达老师。那里那块巨大的石柱是什么？
65,,――……," -  ...."
66,,<span class='scene-font-katari'>ルリアが指差すのは</span><br><span class='scene-font-katari'>中庭の中心に配置された</span><br><span class='scene-font-katari'>大きな石柱のようなもの。</span>,露莉亚指着的，是放置在中庭中央，像巨大的石柱一样的东西。
67,,ああ～☆<br>あれはモノリスねっ☆,啊啊〜☆那是独石柱☆
68,,モノリス？,独石柱？
69,,魔力を安定させたり、<br>増幅したりする魔法の媒介よ。,让魔力变得安定，并且能增幅魔力的魔法媒介。
70,,でも、あんなに大きなのは<br><span class='scene-font-place'>バルツ</span>でも見たことない……,但是，这么大的...即使在瓦尔兹也没有见过......
71,,あのモノリスは<br>コア・モノリスと言って、<br>特別製なの☆,这块独石柱叫核心·独石柱，是特制的☆
72,,個人で使うものじゃなくて、<br>学院全体に満ちる魔力を<br>安定させるためのものなのよ☆,它不是个人用，而是为了稳定整个学院弥漫的魔力☆
73,,この学院には<span class='scene-font-spword'>『安定』</span>と<span class='scene-font-spword'>『増幅』</span>。<br>二つのコア・モノリスがありましてな。,这所学校有'稳定'和'增幅'两块独石柱。
74,,その二つのモノリスのおかげで、<br>一人では行使できない大規模な魔法も<br>この学院では一人で行使できるのです。,托这两块独石柱的福，一个人不能使用的大规模魔法在这所学院里也能一个人使用。
75,,そんなものがあるなんて……<br>なんだかスケールが違うわ！,有这样的事情！？......规格居然这么不同！
76,,流石はマナリア魔法学院ね！,不愧是马纳利亚魔法学院！
77,,ミランダ先生！<br>ジル教授！,米兰达老师！吉尔教授！
79,,<span class='scene-font-katari'>声の方に振り向くと、</span><br><span class='scene-font-katari'>そこにはこちらへと向かって走ってくる</span><br><span class='scene-font-katari'>一組の男女の姿があった。</span>,转向声源方向时，看到一对男女正朝这边走来。
80,,おやおや、<br>ハンナさんにウィリアムくん。<br>そんなに急いでどうしました？,诶呀，汉娜、威廉姆。这么匆忙发生了什么吗？
81,,少しお話ししたいことが……って、<br>そちらの方々は？,稍微有一点事想......那边的人是？
82,,学院の見学者さんよ☆<br>ご挨拶してねぇ～☆,来参观学院的人☆打个招呼吧〜☆
83,,あら、失礼いたしました。<br>ようこそマナリア魔法学院へ。,诶呀，真是失礼了。欢迎来到马纳利亚魔法学院！。
84,,ワタクシはこの学院で<br>生徒会長を務めております<br>ハンナと申します。,我在这所学院里担任学生会长的职务。我叫汉娜。
85,,見学中にわからないこと等<br>ありましたら、<br>気軽にお声掛けくださいな。,如果您在参观期间有任何不明白的地方，请随时向我询问。
86,,はい、ありがとうございます！<br>ハンナさん！,好的，谢谢！汉娜小姐！
87,,ほほっ、それで……<br>何か急ぎの用事が<br>あったのではないのですか？,呵呵，所以....有什么要紧的事要说呢？
88,,あっ、そうでしたわ！<br>先生、少しこちらへ……,哦，对了！老师，借一步说话......
89,,急にごめんなさい、皆さん。<br>少々お待ちくださいな。,对不起啊大家，事发突然。请稍等。
90,,<span class='scene-font-katari'>そういうとハンナは</span><br><span class='scene-font-katari'>ジルとミランダを連れて、</span><br><span class='scene-font-katari'>一行から距離を取る。</span>,这么说着，汉娜带着吉尔教授和米兰达老师与一行人离开了些距离。
91,,何かあったのかしらね？,发生了什么呢？
92,,さぁな……<br>にしてもモノリスか……,不晓得......话说独石柱......
93,,――……," -  ...."
94,,コイツがあれば<br>オイラも魔法が使えんのかな？,有这个东西的话，我也能使用魔法吗？
95,,モノリスは魔法を<br>使えるようにするんじゃなくて、<br>魔力を安定・増幅させるものよ。,独石柱不是为了使用魔法而造的，而是为了稳定和增幅魔法。
96,,だから、魔法が使えないと<br>あんまり意味がないわね……,所以，如果不能使用魔法那就没有多大意义......
97,,ふーん……<br>そういうもんか。なんか<br>ややこしいんだなぁ。,嗯......如果那样的话。总觉得有点麻烦啊。
98,,あ、ミランダ先生達、<br>戻ってきましたよ。,啊，米兰达老师他们，回来了哦。
100,,すみません。少し急ぎの用事が<br>できてしまいましたので、私達は<br>職員室に戻らせていただきます。,对不起我们有一些紧急的事情要处理，请允许我们回到办公室。
101,,え、おい。<br>それじゃ、オイラ達の案内は……,欸...喂，那我们的领路人......
102,,大丈夫で～す☆　後の案内は<br>ハンナちゃんとウィリアム君に<br>お願いしました～☆,没关系☆之后的带领就由汉娜和威廉姆代替吧〜☆
103,,姬塔ちゃん達の事、<br>ちゃんと案内してあげてくださいね☆,请好好的带着姬塔他们参观哦☆
104,,はい、お任せ下さいですわ。,好的，请交给我吧。
105,,任せてください！,请交给我吧！
106,,<span class='scene-font-katari'>姬塔達の案内を二人に任せると、</span><br><span class='scene-font-katari'>ミランダとジルは小走りで去っていった。</span>,把姬塔他们的带领工作交给两个人之后，吉尔和米兰达小跑着离开了。
107,,というわけで、<br>ここからはワタクシ達が<br>案内させていただきますわ。,所以，从这里开始讲由我们带你们参观。
108,,自己紹介がまだだったね。<br>僕はウィリアム。<br>よろしく頼む。,我还没有自我介绍。我是威廉姆。请多指教。
109,,<span class='scene-font-katari'>その言葉に頷いたのち、</span><br><span class='scene-font-katari'>一行はハンナとウィリアムに</span><br><span class='scene-font-katari'>自己紹介をする。</span>,一行人点了点头，向汉娜和威廉姆介绍自己。
110,,それでは、そろそろ参りましょうか。,那么，差不多走吧？
111,,<span class='scene-font-katari'>ハンナとウィリアムに導かれながら、</span><br><span class='scene-font-katari'>一行はマナリア魔法学院の見学を</span><br><span class='scene-font-katari'>続けていくのだった。</span>,跟着汉娜和威廉姆，一行人继续参观着马纳利亚学院。
info,,1,scene_evt170831_cp1_q1_s10