path,text,trans,count
/party/content/job/,"<div class=""btn-tabs"">アビリティ</div>",<div class=btn-tabs>技能</div>,
/party/content/job/,"<div class=""btn-tabs"">サポート</div>",<div class=btn-tabs>被动</div>,
/party/content/job/,"<div class=""btn-tabs"">ボーナス</div>",<div class=btn-tabs>加成</div>,
/party/content/job/,LBを割り振ることで、ジョブを強化することができます。,可通过分配LB点数强化职业能力。,
/party/content/job/,JOB Lv20でこのジョブのLimit Bonusが解禁され<br>能力を強化することができます。,JOB Lv20后可解锁该职业的Limit Bonus<br>并对其进行强化。,
/quest/content/newassist,強敵のお出ましだぜぇー！,强大的敌人出现啦！,
/quest/content/newassist,他の騎空士たちと協力して戦うんだ！,和其他的骑空士一起合力战斗吧！,
/quest/content/newassist,バトル一覧,战斗一览,2
/quest/content/newassist,未確認バトル一覧,未结算的战斗,
/quest/content/newassist,バトル履歴,战斗日志,
/quest/content/newassist,参戦IDを入力してマルチバトルに<br>参戦します。,输入多人战的参战ID<br>即刻参战,
/quest/content/newassist,※IDは大文字と小文字を区別しません。,※ID的字母不用区分大小写。,
/quest/content/newassist,未確認バトルの確認期限は、バトル終了から1週間経過後の最初の土曜日までとなります。,未结算的战斗截止日期为战斗结束一周后的第一个星期六。,
/quest/content/newassist,期限を過ぎると、確認及び報酬の受け取りができなくなりますのでご注意ください。,请注意，截止日期后您将无法结算战斗和获取奖励。,
/quest/content/newassist,見に行こうぜぇー！,快去看看吧！,
/quest/content/newassist,強敵を倒したみたいだな！,又有强敌被打倒啦！,
/quest/content/newassist,未確認バトルが5件以上残っている場合、クエストの開始・マルチバトルへの参加ができなくなります。,如果积累了5场或更多未结算的战斗，你将无法发起任务或参加多人战。,
/quest/content/newassist,マルチバトル一覧,多人战列表,2
/quest/content/newassist,「四象降臨」へ,返回「四象降临」,
/quest/content/newassist,を開始するには<%= point_name %>が<%= quest_ap - sp %>足りません。,需要<%= quest_ap - sp %><%= point_name %>来开始。,
/quest/content/newassist,アイテムを使用して<%= point_name %>を回復しますか？,使用道具恢复<%= point_name %>？,
/quest/content/newassist,<span class='txt-request-name'><%= n.attributes.called_user_name %></span>さんからの救援依頼,来自<span class='txt-request-name'><%= n.attributes.called_user_name %></span>的救援请求,
/quest/content/newassist,<span class='txt-request-name'><%= raid['called_user_name'] %></span>さんからの救援依頼,来自<span class='txt-request-name'><%= raid['called_user_name'] %></span>的救援请求,
/quest/content,クエストリストへ,返回任务列表,
content,マイページに戻る,返回Mypage,
/archive/content/story,その他,其他,2
/archive/content/story,メインシナリオ,主线剧情,2
/archive/content/story,イベント,活动,2
/quest/content/supporter_raid,サポーター召喚石選択,选择支援召唤石,
/user/content/index,で認証中,已认证,2
/user/content/index,テキスト入力,输入内容,2
/user/content/index,下記文言を含めてTwitterに投稿されます。,以下文字也会一起发布到Twitter,2
/user/content/index,投稿に失敗しました。<br>もう一度投稿するか、<br>再度認証を行ってください。,发布失败，<br>再次发布，<br>或者重新进行身份验证,
/user/content/index,アイテムはアイテム一覧に送られました。,道具已发送到道具列表。,
/user/content/index,騎空団サポート,骑空团支援效果,
/user/content/index,残り時間,剩余时间,2
/user/content/index,よろず屋サポート,万事屋支援效果,
/user/content/index,下記の騎空団サポート効果が終了しました。,以下骑空团支援效果已结束。,
/user/content/index,下記のよろず屋サポート効果が終了しました。,以下万事屋支援效果已结束,
/user/content/index,称号を獲得しました。,获得了新的称号,
/user/content/index,"カジノを遊ぶためには<br>
メインクエスト第8章「鉄の巨人」<br>
をクリアする必要があります。",前往赌场需要通关<br>主线任务第8章「铁巨人」。,
/user/content/index,武勲の輝き,武勋之辉光,
/user/content/index,デイリー,每日,
/user/content/index,ウィークリー,每周,3
/user/content/index,累計,累计,3
/user/content/index,栄誉の輝き,荣誉之辉光,
/user/content/index,騎空団ボーナス,骑空团奖励,
/user/content/index,アーカルムポイント,塔罗牌点数,
/lobby/content/room,初回消費なし,初次无消耗,3
/lobby/content/room,あと<%= can_quest_start_count %>回挑戦します（全<%= max_quest_start_count %>回）,还剩<%= can_quest_start_count %>回挑战（一共<%= max_quest_start_count %>回）,
/lobby/content/room,このクエストに挑戦します。,准备挑战这个任务,2
/lobby/content/room,マルチバトルの難易度を選択してください,请选择多人战的难度级别,
/lobby/content/room,イベントを選択してください,请选择一个活动副本,
/lobby/content/room,サポーターを選択してください。,请选择支援召唤石,3
/lobby/content/room,サポーターに選択できるメンバーがいません。,没有可供选择召唤石的成员,2
/lobby/content/room,<%= set_user.name %> Rank <%= set_user.rank %> が選択,<%= set_user.name %> Rank <%= set_user.rank %> 选择任务,2
/lobby/content/room,募集Rankやコメントを変更できます,可以更改等级限制和房间简介,
/lobby/content/room,Rank制限なし,无Rank限制,3
/lobby/content/room,ルームID,房间ID,
/lobby/content/room,募集リスト,募集列表,
/lobby/content/room,掲載しない,隐藏,
/lobby/content/room,掲載する,显示,
/lobby/content/room,ボタンを押すとすぐに反映されます,按下按钮后会立即生效,
/lobby/content/room,メンバーが定員に達しているため掲載できません,房间已满，无法显示到募集列表,
/lobby/content/room,LINEに投稿する,发布到LINE,
/lobby/content/room,Twitterに投稿する,发布到Twitter,
/lobby/content/room_alter,ルーム情報の変更,更改房间信息,
/lobby/content/room_alter,マルチバトルで募集する仲間の条件と、<br>コメント(24文字以内)を入力してください。,请选择招募队友的条件<br>此外你还可以输入一段房间简介(24字以内)。,
/lobby/content/room_alter,入力した内容でマルチバトルの仲間を募集します。,根据输入的内容来招募多人战队友,
/lobby/content/room_alter,マルチバトル選択,多人战选择,
/lobby/content/room_alter,※NORMALのルームではHIGH LEVELの<br>クエストは選べません。HIGH LEVELのルームでは<br>HIGH LEVEL以外のクエストは選べません。,※在NORMAL房间里无法选择<br>HIGH LEVEL任务。在HIGH LEVEL房间里<br>无法选择HIGH LEVEL以外的任务,
/lobby/content/room_alter,募集Rank,募集Rank,
/lobby/content/room_alter,制限なし,无限制,3
/lobby/content/room_alter,誰でもOK,谁都可以,2
/lobby/content/room_alter,フレンド限定,好友限定,2
/lobby/content/room_alter,騎空団員限定,骑空团员限定,2
/lobby/content/room_alter,連続クエスト設定,连续战斗设定,2
/lobby/content/room_alter,設定なし,未设定,2
/lobby/content/room_alter,参戦人数,参战人数,
/lobby/content/room_alter,人までのマルチバトル,人的多人战斗,11
/lobby/content/room_alter,※ルーム作成後は参戦人数を減らせません。,※房间创建后无法降低参战人数,2
/lobby/content/room_alter,バトル開始承認,开始战斗的确认,
/lobby/content/room_alter,承認あり,需要确认,2
/lobby/content/room_alter,承認なし,无需确认,2
/lobby/content/room_alter,コメント,描述,
/lobby/content/room_alter,24文字以内で入力してください。,请输入24字以内的简介,
/lobby/content/room_alter,募集の投稿・掲載,募集的投稿・发布,
