id,name,detail
npc,江户川柯南,3040157000
special,脚力增强鞋,光属性伤害（特大）/奥义值UP（20%）
skill-1,沉睡的小五郎,麻醉毛利小五郎，进行3回合推理（每回合赋予不同效果）
skill-2,犯人追踪眼镜,赋予敌方单体追踪效果/我方负面效果成功率UP（15%）
skill-3,倒勾球,对敌方单体造成4倍光属性伤害/极低概率使敌人昏厥
skill-4,灵感一现,自身可即时发动奥义
support-1,真相只有一个,对追踪效果中的敌人奥义伤害UP/造成伤害UP（1.5倍）
support-2,外表看似小孩，智慧却过于常人,防御力低（30%DOWN），但不容易成为攻击目标/奥义值上升量UP（1.2倍）
skill-lb,LB技能,追踪效果中的敌人对我方全体造成的伤害DOWN
active,1,