id,name,detail
npc,卡塔莉娜,3040054000
special,冰剑,水属性伤害（特大）/我方全体水属性攻击30%UP/二连击率30%UP
skill-1,魔魅领域,对敌方单体造成3~4倍水属性伤害/必定三连击（1回合）
skill-2,荣耀之盾,我方全体免疫负面效果（1次）/再生效果（初始回复量1000，每回合减半）
skill-3,光墙屏障,减免我方全体受到的伤害（25%）
support-1,骑士的正道,第一次无法战斗时以1HP继续战斗/全属性伤害减免效果中攻击50%UP/防御100%UP
skill-lb,LB技能,我方全体回复上限UP
intro,,