id,name,detail
npc,塔努娅,3040135000
special,大吉尼奥尔,火属性伤害（特大）/负面效果抗性DOWN（累积）
skill-1,恐怖木偶,对敌方全体造成火属性伤害/恐怖效果
skill-2,诡计死神,<span class=prt-text-small>对敌方单体造成5.5倍火属性伤害/对沉睡效果中的敌人造成更高伤害/赋予自身血祭效果（回合结束时HP减少最大HP的10%）</span>
skill-3,酸楚,赋予敌方全体沉睡效果/赋予恐怖状态的敌人沉睡效果时，可即时使用「诡计收割者」
support-1,惊恐嘉年华,我方全体减免恐惧效果中的敌人造成的伤害（20%）
support-2,轻触,技能伤害不会叫醒沉睡状态的敌人
skill-lb,LB技能,对恐怖效果中的敌人造成额外火属性伤害
active,1,
,,