id,name,detail
npc,夏诺瓦,3040093000
special,幻影怪盗,水属性伤害（特大）/自身有预告或谜语效果时产生额外伤害或赋予敌方对应负面效果
skill-1,大胆的预告,自身获得预告效果
skill-2,请解谜,<span class=prt-text-small>赋予单体敌人缓慢效果/自身有预告效果、赋予缓慢效果成功时我方全体奥义值20%UP/预告效果转化为谜语效果，回避两次普攻，回避两次普攻后谜语效果消失</span>
skill-3,华丽盗取,对敌方单体造成无属性伤害（1%~5%敌人当前HP）/消去1个强化效果
support-1,怪盗的流派,预告效果中，攻防UP（20%）
support-2,制造幻象,谜语效果中必二连击，三连击率UP（25%）
skill-lb,LB技能,预告效果或谜语效果中，造成额外水属性伤害
active,1,