id,en,jp,trans
0-chapter_name,,第5話 少女の想い,第5话 少女的愿望
0-synopsis,,ついに、雨神の洞窟の奥深くに辿り着いた<span>姬塔</span>たち。強い気配を感じながら、一行は更に奥へと足を踏み入れるのだった──,最终，到达雨神洞窟深处的姬塔一行人。感知到了更加强大的气息，一行人更深处走去───
0,,む、少し空間が開けたぞ。<br>妙に明るいが、<br>これは人工の明かり……か？,嗯，空间变得稍微宽敞点了。<br>有奇怪的亮光，<br>这个难道是……人造光源吗？
1,,何か気配を感じるな。<br>奥から風も流れているようだし<br>このまま進むか……,好像感觉到了什么。<br>里面似乎有风流动，<br>就这么前进吧……
2,,──っ！？<br>あれは……,───！？<br>那是……
3,,<span class='scene-font-katari'>ついに、雨神の洞窟の</span><br><span class='scene-font-katari'>奥深くに辿り着いた一行。</span>,<span class='scene-font-katari'>最终，一行人到达雨神洞窟的深处</span>
4,,<span class='scene-font-katari'>怪しい気配が漂う洞窟内部の</span><br><span class='scene-font-katari'>さらに奥へと歩を進める</span><br><span class='scene-font-katari'>一行の目の前に現れたものとは……</span>,<span class='scene-font-katari'>朝着弥漫着怪异氛围的洞窟内部</span><br><span class='scene-font-katari'>迈开脚步前进</span><br><span class='scene-font-katari'>出现在一行人眼前的是……</span>
info,,1,scene_evt140531_cp5_q4_s30