id,name,detail
npc,夏洛特,3040020000
special,审判之局,光属性伤害（特大）
skill-1,节日突击,对敌方单体造成光属性伤害/攻击DOWN效果
skill-1+,节日突击,对敌方单体造成3~4倍光属性伤害/攻击DOWN效果（20%）
skill-2,给糖也捣蛋,赋予敌方单体盲暗效果/自身获得再生效果
skill-3,神秘福利,获得绿色治愈药水
support-1,节日装扮,攻击UP/防御UP（5%）
skill-lb,LB技能,绿色与蓝色治愈药水效果量UP
active,1,