id,name,detail
npc,蕾‧芬耶,3040014000
special,第七伤痛,光属性伤害(特大)/我方全体获得护盾效果（70%概率减免30%伤害）
skill-1,棱镜柱,对敌方全体造成2.5倍光属性伤害/盲暗效果
skill-1+,棱镜柱,对敌方全体造成3.5倍光属性伤害/盲暗效果
skill-2,治愈之光,回复我方单体20%HP/宝石之光效果（攻防50%UP/二连击率80%UP/三连击率30%UP）
skill-2+,治愈之光,回复我方单体25%HP/宝石之光效果（攻防50%UP/二连击率80%UP/三连击率30%UP）
skill-3,光耀之镜,我方全体获得反射效果（40%，3次）
support-1,优雅地赢得胜利！,对于盲暗效果中的敌人攻击，回避率UP
skill-lb,LB技能,盲暗效果中的敌人对我方全体造成的伤害减少
active,1,